Step,AgentID,Info,PersonalizedTrust,GeneralizedTrust,Wealth,Suspectability,ID,SecurityLevel
2,12,0.0,0,-0.40094925448182356,2.526211650243527,0.2579961680495977,12,1.3279725911674614
2,1,0.0,0,0.631726693336894,10.562713365625163,0.874290800029777,1,1.2189207767276822
2,7,0.0,0,0.742932037526212,4.378224292212291,0.18624018600278902,7,1.4703226772080227
2,4,0.0,0,0.27857715475967,5.247726161885793,0.822415587054704,4,1.3867039147182254
2,11,0.0,0,-0.0018911954668925635,7.701124600434234,0.6396087264372865,11,1.4849413368830018
2,9,0.0,0,0.6136039461436434,6.235567550850554,0.7941583337916458,9,1.2096367027190804
2,0,0.0,0,-0.5692681613953149,2.3445325560313863,0.9468719698955113,0,1.4334639014083939
2,13,0.0,0,-0.3037588273219674,7.753633025857129,0.8321023858564373,13,1.2860996775374798
2,10,0.0,0,0.5769926032771269,2.792861297622359,0.7812544506768658,10,1.3407332259121687
2,5,0.0,0,-0.6064262424982411,5.947899599139744,0.9714382635894356,5,1.227097628801308
2,8,0.0,0,-0.5877384607819276,8.40036991723484,0.6653989740286537,8,1.0036575245021697
2,6,0.0,0,0.577539452280548,6.689203188607038,0.4674097240070848,6,1.4056032903447908
2,2,0.0,0,-0.047060492325437964,6.425242322245282,0.36503880690587387,2,1.2308295490457926
2,3,0.0,0,-0.7779033615532133,7.077088682041964,0.10755171881506065,3,1.2078549751834105
3,4,0.0,0,0.27857715475967,5.747726161885793,0.822415587054704,4,1.3867039147182254
3,11,0.0,0,-0.0018911954668925635,8.201124600434234,0.6396087264372865,11,1.4849413368830018
3,2,0.0,0,-0.047060492325437964,6.925242322245282,0.36503880690587387,2,1.2308295490457926
3,10,0.0,0,0.5769926032771269,3.292861297622359,0.7812544506768658,10,1.3407332259121687
3,5,0.0,0,-0.6064262424982411,6.447899599139744,0.9714382635894356,5,1.227097628801308
3,0,0.0,0,-0.5692681613953149,2.8445325560313863,0.9468719698955113,0,1.4334639014083939
3,8,0.0,0,-0.5877384607819276,8.90036991723484,0.6653989740286537,8,1.0036575245021697
3,3,0.0,0,-0.7779033615532133,7.577088682041964,0.10755171881506065,3,1.2078549751834105
3,13,0.0,0,-0.3037588273219674,8.253633025857129,0.8321023858564373,13,1.2860996775374798
3,7,0.0,0,0.742932037526212,4.878224292212291,0.18624018600278902,7,1.4703226772080227
3,1,0.0,0,0.631726693336894,11.062713365625163,0.874290800029777,1,1.2189207767276822
3,6,0.0,0,0.577539452280548,7.189203188607038,0.4674097240070848,6,1.4056032903447908
3,12,0.0,0,-0.40094925448182356,3.0262116502435266,0.2579961680495977,12,1.3279725911674614
3,9,0.0,0,0.6136039461436434,6.735567550850554,0.7941583337916458,9,1.2096367027190804
4,11,0.0,0,-0.0018911954668925635,8.701124600434234,0.6396087264372865,11,1.4849413368830018
4,10,0.0,0,0.5769926032771269,3.792861297622359,0.7812544506768658,10,1.3407332259121687
4,2,0.0,0,-0.047060492325437964,7.425242322245282,0.36503880690587387,2,1.2308295490457926
4,1,0.0,0,0.631726693336894,11.562713365625163,0.874290800029777,1,1.2189207767276822
4,6,0.0,0,0.577539452280548,7.689203188607038,0.4674097240070848,6,1.4056032903447908
4,3,0.0,0,-0.7779033615532133,8.077088682041964,0.10755171881506065,3,1.2078549751834105
4,13,0.0,0,-0.3037588273219674,8.753633025857129,0.8321023858564373,13,1.2860996775374798
4,9,0.0,0,0.6136039461436434,7.235567550850554,0.7941583337916458,9,1.2096367027190804
4,5,0.0,0,-0.6064262424982411,6.947899599139744,0.9714382635894356,5,1.227097628801308
4,4,0.0,0,0.27857715475967,6.247726161885794,0.822415587054704,4,1.3867039147182254
4,0,0.0,0,-0.5692681613953149,3.3445325560313863,0.9468719698955113,0,1.4334639014083939
4,7,0.0,0,0.742932037526212,5.378224292212291,0.18624018600278902,7,1.4703226772080227
4,8,0.0,0,-0.5877384607819276,9.40036991723484,0.6653989740286537,8,1.0036575245021697
4,12,0.0,0,-0.40094925448182356,3.5262116502435266,0.2579961680495977,12,1.3279725911674614
5,4,0.0,0,0.27857715475967,6.747726161885794,0.822415587054704,4,1.3867039147182254
5,5,0.0,0,-0.6064262424982411,7.447899599139744,0.9714382635894356,5,1.227097628801308
5,10,0.0,0,0.5769926032771269,4.292861297622359,0.7812544506768658,10,1.3407332259121687
5,1,0.0,0,0.631726693336894,12.062713365625163,0.874290800029777,1,1.2189207767276822
5,11,0.0,0,-0.003085004960193451,9.201124600434234,0.6396087264372865,11,1.4849413368830018
5,13,0.0,0,-0.3037588273219674,9.253633025857129,0.8321023858564373,13,1.2860996775374798
5,8,0.0,0,-0.5877384607819276,9.90036991723484,0.6653989740286537,8,1.0036575245021697
5,12,0.0,0,-0.6628798887414689,4.026211650243527,0.2579961680495977,12,1.3279725911674614
5,0,0.0,0,-0.5692681613953149,3.8445325560313863,0.9468719698955113,0,1.4334639014083939
5,6,0.0,0,0.577539452280548,8.189203188607038,0.4674097240070848,6,1.4056032903447908
5,2,0.0,0,-0.047060492325437964,7.925242322245282,0.36503880690587387,2,1.2308295490457926
5,3,0.0,0,-0.7779033615532133,8.577088682041964,0.10755171881506065,3,1.2078549751834105
5,9,0.0,0,1.0,7.735567550850554,0.7941583337916458,9,1.2096367027190804
5,7,0.0,0,1.0,5.878224292212291,0.18624018600278902,7,1.4703226772080227
6,5,0.0,0,-0.6064262424982411,7.947899599139744,0.9714382635894356,5,1.227097628801308
6,6,0.0,0,0.577539452280548,8.689203188607038,0.4674097240070848,6,1.4056032903447908
6,4,0.0,0,0.27857715475967,7.247726161885794,0.822415587054704,4,1.3867039147182254
6,10,0.0,0,0.9383010016190201,4.792861297622359,0.7812544506768658,10,1.3407332259121687
6,9,0.0,0,1.0,8.235567550850554,0.7941583337916458,9,1.2096367027190804
6,11,0.0,0,-0.003085004960193451,9.701124600434234,0.6396087264372865,11,1.4849413368830018
6,1,0.0,0,0.631726693336894,12.562713365625163,0.874290800029777,1,1.2189207767276822
6,7,1.0,0,1.0,6.378224292212291,0.18624018600278902,7,1.4703226772080227
6,3,0.0,0,-0.7779033615532133,9.077088682041964,0.10755171881506065,3,1.2078549751834105
6,0,0.0,0,-0.5692681613953149,4.344532556031386,0.9468719698955113,0,1.4334639014083939
6,2,0.0,0,-0.08611150084541325,8.425242322245282,0.36503880690587387,2,1.2308295490457926
6,13,0.0,0,-0.3037588273219674,9.753633025857129,0.8321023858564373,13,1.2860996775374798
6,8,0.0,0,-0.5877384607819276,10.40036991723484,0.6653989740286537,8,1.0036575245021697
6,12,0.0,0,-1.0,4.526211650243527,0.2579961680495977,12,1.3279725911674614
7,5,0.0,0,-0.6064262424982411,8.447899599139744,0.9714382635894356,5,1.227097628801308
7,6,0.0,0,0.577539452280548,9.189203188607038,0.4674097240070848,6,1.4056032903447908
7,2,0.0,0,-0.08611150084541325,8.925242322245282,0.36503880690587387,2,1.2308295490457926
7,8,0.0,0,-0.5877384607819276,10.90036991723484,0.6653989740286537,8,1.0036575245021697
7,3,0.0,0,-0.7779033615532133,9.577088682041964,0.10755171881506065,3,1.2078549751834105
7,4,0.0,0,0.27857715475967,7.747726161885794,0.822415587054704,4,1.3867039147182254
7,12,0.0,0,-1.0,5.026211650243527,0.2579961680495977,12,1.3279725911674614
7,1,0.0,0,0.631726693336894,13.062713365625163,0.874290800029777,1,1.2189207767276822
7,11,0.0,0,-0.006084679299460478,10.201124600434234,0.6396087264372865,11,1.4849413368830018
7,7,0.0,0,1.0,6.878224292212291,0.18624018600278902,7,1.4703226772080227
7,10,0.0,0,0.9383010016190201,5.292861297622359,0.7812544506768658,10,1.3407332259121687
7,13,0.0,0,-0.5247211862469683,10.253633025857129,0.8321023858564373,13,1.2860996775374798
7,0,0.0,0,-0.5692681613953149,4.844532556031386,0.9468719698955113,0,1.4334639014083939
7,9,0.0,0,1.0,8.735567550850554,0.7941583337916458,9,1.2096367027190804
8,0,0.0,0,-0.5692681613953149,5.344532556031386,0.9468719698955113,0,1.4334639014083939
8,12,1.0,0,-1.0,5.526211650243527,0.2579961680495977,12,1.3279725911674614
8,7,0.0,0,1.0,7.378224292212291,0.18624018600278902,7,1.4703226772080227
8,10,0.0,0,0.9383010016190201,5.792861297622359,0.7812544506768658,10,1.3407332259121687
8,6,0.0,0,0.577539452280548,9.689203188607038,0.4674097240070848,6,1.4056032903447908
8,11,0.0,0,-0.006084679299460478,10.701124600434234,0.6396087264372865,11,1.4849413368830018
8,4,0.0,0,0.27857715475967,8.247726161885794,0.822415587054704,4,1.3867039147182254
8,9,0.0,0,1.0,9.235567550850554,0.7941583337916458,9,1.2096367027190804
8,5,0.8194446252491923,0,-0.6064262424982411,8.947899599139744,0.9714382635894356,5,1.227097628801308
8,3,0.0,0,-0.7779033615532133,10.077088682041964,0.10755171881506065,3,1.2078549751834105
8,8,0.0,0,-0.5877384607819276,11.40036991723484,0.6653989740286537,8,1.0036575245021697
8,2,0.0,0,-0.08611150084541325,9.425242322245282,0.36503880690587387,2,1.2308295490457926
8,1,0.0,0,0.631726693336894,13.562713365625164,0.874290800029777,1,1.2189207767276822
8,13,0.0,0,-0.9892364939477154,10.753633025857129,0.8321023858564373,13,1.2860996775374798
9,3,0.0,0,-0.7779033615532133,10.577088682041964,0.10755171881506065,3,1.2078549751834105
9,2,0.0,0,-0.08611150084541325,9.925242322245282,0.36503880690587387,2,1.2308295490457926
9,5,0.0,0,-0.6064262424982411,9.447899599139744,0.9714382635894356,5,1.227097628801308
9,1,0.0,0,0.631726693336894,14.062713365625164,0.874290800029777,1,1.2189207767276822
9,9,0.0,0,1.0,9.735567550850554,0.7941583337916458,9,1.2096367027190804
9,0,0.0,0,-0.5692681613953149,5.844532556031386,0.9468719698955113,0,1.4334639014083939
9,7,-1.6383029720600566,0,1.0,7.878224292212291,0.18624018600278902,7,1.4703226772080227
9,10,0.0,0,0.9383010016190201,6.292861297622359,0.7812544506768658,10,1.3407332259121687
9,4,0.0,0,0.5092104711368886,8.747726161885794,0.822415587054704,4,1.3867039147182254
9,6,0.0,0,0.8984967854872847,10.189203188607038,0.4674097240070848,6,1.4056032903447908
9,13,0.0,0,-1.0,11.253633025857129,0.8321023858564373,13,1.2860996775374798
9,8,0.0,0,-0.5877384607819276,11.90036991723484,0.6653989740286537,8,1.0036575245021697
9,12,0.0,0,-1.0,6.026211650243527,0.2579961680495977,12,1.3279725911674614
9,11,0.01345604328164051,0,-0.006084679299460478,11.201124600434234,0.6396087264372865,11,1.4849413368830018
10,9,0.0,0,1.0,10.235567550850554,0.7941583337916458,9,1.2096367027190804
10,4,0.0,0,0.5092104711368886,9.247726161885794,0.822415587054704,4,1.3867039147182254
10,10,0.0,0,0.9383010016190201,6.792861297622359,0.7812544506768658,10,1.3407332259121687
10,2,-0.21055588483613524,0,-0.08611150084541325,10.425242322245282,0.36503880690587387,2,1.2308295490457926
10,0,0.0,0,-0.5692681613953149,6.344532556031386,0.9468719698955113,0,1.4334639014083939
10,3,0.0,0,-0.7779033615532133,11.077088682041964,0.10755171881506065,3,1.2078549751834105
10,1,0.0,0,0.631726693336894,14.562713365625164,0.874290800029777,1,1.2189207767276822
10,12,0.0,0,-1.0,6.526211650243527,0.2579961680495977,12,1.3279725911674614
10,8,0.0,0,-1.0,12.40036991723484,0.6653989740286537,8,1.0036575245021697
10,7,0.0,0,1.0,8.378224292212291,0.18624018600278902,7,1.4703226772080227
10,13,0.0,0,-1.0,11.753633025857129,0.8321023858564373,13,1.2860996775374798
10,6,0.0,0,1.0,10.689203188607038,0.4674097240070848,6,1.4056032903447908
10,5,0.0,0,-0.6064262424982411,9.947899599139744,0.9714382635894356,5,1.227097628801308
10,11,0.0,0,-0.006084679299460478,11.701124600434234,0.6396087264372865,11,1.4849413368830018
11,9,0.0,0,1.0,10.735567550850554,0.7941583337916458,9,1.2096367027190804
11,4,0.0,0,0.5092104711368886,9.747726161885794,0.822415587054704,4,1.3867039147182254
11,0,0.0,0,-0.5692681613953149,6.844532556031386,0.9468719698955113,0,1.4334639014083939
11,10,0.0,0,0.9383010016190201,7.292861297622359,0.7812544506768658,10,1.3407332259121687
11,6,0.0,0,1.0,11.189203188607038,0.4674097240070848,6,1.4056032903447908
11,8,0.0,0,-1.0,12.90036991723484,0.6653989740286537,8,1.0036575245021697
11,3,0.0,0,-0.7779033615532133,11.577088682041964,0.10755171881506065,3,1.2078549751834105
11,11,0.0,0,-0.01068002108616544,12.201124600434234,0.6396087264372865,11,1.4849413368830018
11,5,0.0,0,-0.6064262424982411,10.447899599139744,0.9714382635894356,5,1.227097628801308
11,1,0.0,0,0.631726693336894,15.062713365625164,0.874290800029777,1,1.2189207767276822
11,12,0.0,0,-1.0,7.026211650243527,0.2579961680495977,12,1.3279725911674614
11,13,0.0,0,-1.0,12.253633025857129,0.8321023858564373,13,1.2860996775374798
11,7,0.0,0,1.0,8.878224292212291,0.18624018600278902,7,1.4703226772080227
11,2,-0.04976895500373572,0,-0.08611150084541325,10.925242322245282,0.36503880690587387,2,1.2308295490457926
12,3,0.0,0,-1.0,12.077088682041964,0.10755171881506065,3,1.2078549751834105
12,0,1.0,0,-0.9980324575845032,7.344532556031385,0.9468719698955113,0,1.4334639014083939
12,6,0.0,0,1.0,11.689203188607038,0.4674097240070848,6,1.4056032903447908
12,9,0.0,0,1.0,11.235567550850554,0.7941583337916458,9,1.2096367027190804
12,11,0.014647379893953063,0,-0.01068002108616544,12.701124600434234,0.6396087264372865,11,1.4849413368830018
12,10,-0.6575457750047455,0,0.9383010016190201,7.792861297622359,0.7812544506768658,10,1.3407332259121687
12,4,0.0,0,0.5092104711368886,10.247726161885794,0.822415587054704,4,1.3867039147182254
12,5,0.0,0,-0.6064262424982411,10.947899599139744,0.9714382635894356,5,1.227097628801308
12,7,-2.034162734626574,0,1.0,9.378224292212291,0.18624018600278902,7,1.4703226772080227
12,2,0.1925860459785166,0,-0.08611150084541325,11.425242322245282,0.36503880690587387,2,1.2308295490457926
12,1,0.0,0,0.631726693336894,15.562713365625164,0.874290800029777,1,1.2189207767276822
12,13,0.7355336428576454,0,-1.0,12.753633025857129,0.8321023858564373,13,1.2860996775374798
12,8,0.46201892996913435,0,-1.0,13.40036991723484,0.6653989740286537,8,1.0036575245021697
12,12,0.0,0,-1.0,7.526211650243527,0.2579961680495977,12,1.3279725911674614
13,4,0.0,0,0.5092104711368886,10.747726161885794,0.822415587054704,4,1.3867039147182254
13,0,0.0,0,-0.9980324575845032,7.844532556031385,0.9468719698955113,0,1.4334639014083939
13,11,0.0,0,-0.01068002108616544,13.201124600434234,0.6396087264372865,11,1.4849413368830018
13,9,0.0,0,1.0,11.735567550850554,0.7941583337916458,9,1.2096367027190804
13,12,0.0,0,-1.0,8.026211650243527,0.2579961680495977,12,1.3279725911674614
13,7,0.0,0,1.0,9.878224292212291,0.18624018600278902,7,1.4703226772080227
13,6,0.0,0,1.0,12.189203188607038,0.4674097240070848,6,1.4056032903447908
13,10,0.0,0,0.9383010016190201,8.292861297622359,0.7812544506768658,10,1.3407332259121687
13,13,-0.6182613355641581,0,-1.0,13.253633025857129,0.8321023858564373,13,1.2860996775374798
13,2,0.0,0,-0.14293172647703248,11.925242322245282,0.36503880690587387,2,1.2308295490457926
13,5,0.0,0,-1.0,11.447899599139744,0.9714382635894356,5,1.227097628801308
13,1,0.0,0,1.0,16.062713365625164,0.874290800029777,1,1.2189207767276822
13,8,0.0,0,-1.0,13.90036991723484,0.6653989740286537,8,1.0036575245021697
13,3,0.0,0,-1.0,12.577088682041964,0.10755171881506065,3,1.2078549751834105
14,7,0.0,0,1.0,10.378224292212291,0.18624018600278902,7,1.4703226772080227
14,13,0.0,0,-1.0,13.753633025857129,0.8321023858564373,13,1.2860996775374798
14,4,0.0,0,0.8550207549438442,11.247726161885794,0.822415587054704,4,1.3867039147182254
14,3,0.0,0,-1.0,13.077088682041964,0.10755171881506065,3,1.2078549751834105
14,5,-3.975986968017187,0,-1.0,11.947899599139744,0.9714382635894356,5,1.227097628801308
14,10,1.0,0,0.9383010016190201,8.792861297622359,0.7812544506768658,10,1.3407332259121687
14,6,-1.3209595473712545,0,1.0,12.689203188607038,0.4674097240070848,6,1.4056032903447908
14,11,0.0,0,-0.01068002108616544,13.701124600434234,0.6396087264372865,11,1.4849413368830018
14,9,0.0,0,1.0,12.235567550850554,0.7941583337916458,9,1.2096367027190804
14,2,0.1657625847726435,0,-0.14293172647703248,12.425242322245282,0.36503880690587387,2,1.2308295490457926
14,12,0.0,0,-1.0,8.526211650243527,0.2579961680495977,12,1.3279725911674614
14,8,0.0,0,-1.0,14.40036991723484,0.6653989740286537,8,1.0036575245021697
14,0,-1.5036831616817516,0,-0.9980324575845032,8.344532556031385,0.9468719698955113,0,1.4334639014083939
14,1,0.0,0,1.0,16.562713365625164,0.874290800029777,1,1.2189207767276822
15,8,0.0,0,-1.0,14.90036991723484,0.6653989740286537,8,1.0036575245021697
15,5,0.0,0,-1.0,12.447899599139744,0.9714382635894356,5,1.227097628801308
15,2,0.0,0,-0.14293172647703248,12.925242322245282,0.36503880690587387,2,1.2308295490457926
15,9,-0.8352876768433395,0,1.0,12.735567550850554,0.7941583337916458,9,1.2096367027190804
15,7,0.0,0,1.0,10.878224292212291,0.18624018600278902,7,1.4703226772080227
15,10,0.0,0,0.9383010016190201,9.292861297622359,0.7812544506768658,10,1.3407332259121687
15,3,1.0,0,-1.0,13.577088682041964,0.10755171881506065,3,1.2078549751834105
15,0,0.0,0,-1.0,8.844532556031385,0.9468719698955113,0,1.4334639014083939
15,6,0.0,0,1.0,13.189203188607038,0.4674097240070848,6,1.4056032903447908
15,1,0.0,0,1.0,17.062713365625164,0.874290800029777,1,1.2189207767276822
15,11,0.015584297511912011,0,-0.01068002108616544,14.201124600434234,0.6396087264372865,11,1.4849413368830018
15,13,0.0,0,-1.0,14.253633025857127,0.8321023858564373,13,1.2860996775374798
15,12,0.0,0,-1.0,9.026211650243527,0.2579961680495977,12,1.3279725911674614
15,4,-1.9580979789414785,0,1.0,11.747726161885794,0.822415587054704,4,1.3867039147182254
16,13,0.0,0,-1.0,14.753633025857127,0.8321023858564373,13,1.2860996775374798
16,1,-0.682999022070159,0,1.0,17.562713365625164,0.874290800029777,1,1.2189207767276822
16,11,0.0,0,-0.01068002108616544,14.701124600434234,0.6396087264372865,11,1.4849413368830018
16,4,0.0,0,1.0,12.247726161885794,0.822415587054704,4,1.3867039147182254
16,0,0.0,0,-1.0,9.344532556031385,0.9468719698955113,0,1.4334639014083939
16,6,-0.0055866500416124065,0,1.0,13.689203188607038,0.4674097240070848,6,1.4056032903447908
16,3,1.0,0,-1.0,14.077088682041964,0.10755171881506065,3,1.2078549751834105
16,9,0.0,0,1.0,13.235567550850554,0.7941583337916458,9,1.2096367027190804
16,12,1.0,0,-1.0,9.526211650243527,0.2579961680495977,12,1.3279725911674614
16,8,0.0,0,-1.0,15.40036991723484,0.6653989740286537,8,1.0036575245021697
16,10,0.0,0,0.9383010016190201,9.792861297622359,0.7812544506768658,10,1.3407332259121687
16,5,0.0,0,-1.0,12.947899599139744,0.9714382635894356,5,1.227097628801308
16,2,0.31399564657245804,0,-0.14293172647703248,13.425242322245282,0.36503880690587387,2,1.2308295490457926
16,7,-0.8281605148736114,0,1.0,11.378224292212291,0.18624018600278902,7,1.4703226772080227
17,9,0.0,0,1.0,13.735567550850554,0.7941583337916458,9,1.2096367027190804
17,4,0.0,0,1.0,12.747726161885794,0.822415587054704,4,1.3867039147182254
17,12,-2.3837647482050994,0,-1.0,10.026211650243527,0.2579961680495977,12,1.3279725911674614
17,11,0.0,0,-0.01068002108616544,15.201124600434234,0.6396087264372865,11,1.4849413368830018
17,0,0.0,0,-1.0,9.844532556031385,0.9468719698955113,0,1.4334639014083939
17,8,0.0,0,-1.0,15.90036991723484,0.6653989740286537,8,1.0036575245021697
17,10,0.0,0,0.9383010016190201,10.292861297622359,0.7812544506768658,10,1.3407332259121687
17,2,0.0,0,-0.14293172647703248,13.925242322245282,0.36503880690587387,2,1.2308295490457926
17,13,0.0,0,-1.0,15.253633025857127,0.8321023858564373,13,1.2860996775374798
17,1,1.0,0,1.0,18.062713365625164,0.874290800029777,1,1.2189207767276822
17,7,0.0,0,1.0,11.878224292212291,0.18624018600278902,7,1.4703226772080227
17,6,0.0,0,1.0,14.189203188607038,0.4674097240070848,6,1.4056032903447908
17,3,0.0,0,-1.0,14.577088682041964,0.10755171881506065,3,1.2078549751834105
17,5,0.0,0,-1.0,13.447899599139744,0.9714382635894356,5,1.227097628801308
18,13,0.0,0,-1.0,15.753633025857127,0.8321023858564373,13,1.2860996775374798
18,6,-0.36449885950897826,0,1.0,14.689203188607038,0.4674097240070848,6,1.4056032903447908
18,2,0.0,0,-0.14293172647703248,14.425242322245282,0.36503880690587387,2,1.2308295490457926
18,4,0.0,0,1.0,13.247726161885794,0.822415587054704,4,1.3867039147182254
18,5,0.0,0,-1.0,13.947899599139744,0.9714382635894356,5,1.227097628801308
18,9,0.0,0,1.0,14.235567550850554,0.7941583337916458,9,1.2096367027190804
18,1,-1.0648115949536856,0,1.0,18.562713365625164,0.874290800029777,1,1.2189207767276822
18,0,0.0,0,-1.0,10.344532556031385,0.9468719698955113,0,1.4334639014083939
18,3,1.0,0,-1.0,15.077088682041964,0.10755171881506065,3,1.2078549751834105
18,8,0.0,0,-1.0,16.40036991723484,0.6653989740286537,8,1.0036575245021697
18,10,0.0,0,0.9383010016190201,10.792861297622359,0.7812544506768658,10,1.3407332259121687
18,12,0.0,0,-1.0,10.526211650243527,0.2579961680495977,12,1.3279725911674614
18,11,0.018645209808379793,0,-0.01068002108616544,15.701124600434234,0.6396087264372865,11,1.4849413368830018
18,7,-2.5152786312365825,0,1.0,12.378224292212291,0.18624018600278902,7,1.4703226772080227
19,5,0.0,0,-1.0,14.447899599139744,0.9714382635894356,5,1.227097628801308
19,8,0.6255752877219589,0,-1.0,16.90036991723484,0.6653989740286537,8,1.0036575245021697
19,3,1.0,0,-1.0,15.577088682041964,0.10755171881506065,3,1.2078549751834105
19,13,0.0,0,-1.0,16.253633025857127,0.8321023858564373,13,1.2860996775374798
19,9,-0.8891006715122449,0,1.0,14.735567550850554,0.7941583337916458,9,1.2096367027190804
19,11,0.0,0,-0.01068002108616544,16.201124600434234,0.6396087264372865,11,1.4849413368830018
19,7,-2.43218319091301,0,1.0,12.878224292212291,0.18624018600278902,7,1.4703226772080227
19,2,0.0,0,-0.14293172647703248,14.925242322245282,0.36503880690587387,2,1.2308295490457926
19,1,-1.2061139976369892,0,1.0,19.062713365625164,0.874290800029777,1,1.2189207767276822
19,6,-1.2714247012350732,0,1.0,15.189203188607038,0.4674097240070848,6,1.4056032903447908
19,12,0.0,0,-1.0,11.026211650243527,0.2579961680495977,12,1.3279725911674614
19,0,1.0,0,-1.0,10.844532556031385,0.9468719698955113,0,1.4334639014083939
19,4,0.0,0,1.0,13.747726161885794,0.822415587054704,4,1.3867039147182254
19,10,-5.899589440436452,0,0.9383010016190201,11.292861297622359,0.7812544506768658,10,1.3407332259121687
20,6,0.0,0,1.0,15.689203188607038,0.4674097240070848,6,1.4056032903447908
20,7,1.0,0,1.0,13.378224292212291,0.18624018600278902,7,1.4703226772080227
20,13,-1.8001495478460137,0,-1.0,16.753633025857127,0.8321023858564373,13,1.2860996775374798
20,2,-0.2224025810027464,0,-0.14293172647703248,15.425242322245282,0.36503880690587387,2,1.2308295490457926
20,11,0.0,0,-0.01068002108616544,16.701124600434234,0.6396087264372865,11,1.4849413368830018
20,5,-2.5547894200811876,0,-1.0,14.947899599139744,0.9714382635894356,5,1.227097628801308
20,4,0.0,0,1.0,14.247726161885794,0.822415587054704,4,1.3867039147182254
20,8,0.0,0,-1.0,17.40036991723484,0.6653989740286537,8,1.0036575245021697
20,3,0.0,0,-1.0,16.077088682041964,0.10755171881506065,3,1.2078549751834105
20,0,-2.4432132189622764,0,-1.0,11.344532556031385,0.9468719698955113,0,1.4334639014083939
20,10,1.0,0,0.9383010016190201,11.792861297622359,0.7812544506768658,10,1.3407332259121687
20,9,0.0,0,1.0,15.235567550850554,0.7941583337916458,9,1.2096367027190804
20,1,1.0,0,1.0,19.562713365625164,0.874290800029777,1,1.2189207767276822
20,12,0.0,0,-1.0,11.526211650243527,0.2579961680495977,12,1.3279725911674614
21,3,0.0,0,-1.0,16.577088682041964,0.10755171881506065,3,1.2078549751834105
21,6,0.0,0,1.0,16.18920318860704,0.4674097240070848,6,1.4056032903447908
21,8,-0.18195290593938113,0,-1.0,17.90036991723484,0.6653989740286537,8,1.0036575245021697
21,5,1.0,0,-1.0,15.447899599139745,0.9714382635894356,5,1.227097628801308
21,2,0.0,0,-0.14293172647703248,15.925242322245282,0.36503880690587387,2,1.2308295490457926
21,7,-1.6678777015078634,0,1.0,13.878224292212291,0.18624018600278902,7,1.4703226772080227
21,1,0.0,0,1.0,20.062713365625164,0.874290800029777,1,1.2189207767276822
21,4,0.0,0,1.0,14.747726161885794,0.822415587054704,4,1.3867039147182254
21,13,1.0,0,-1.0,17.253633025857127,0.8321023858564373,13,1.2860996775374798
21,10,-1.1243352302562721,0,0.9383010016190201,12.292861297622359,0.7812544506768658,10,1.3407332259121687
21,12,1.0,0,-1.0,12.026211650243527,0.2579961680495977,12,1.3279725911674614
21,9,0.0,0,1.0,15.735567550850554,0.7941583337916458,9,1.2096367027190804
21,0,1.0,0,-1.0,11.844532556031385,0.9468719698955113,0,1.4334639014083939
21,11,0.0,0,-0.01068002108616544,17.201124600434234,0.6396087264372865,11,1.4849413368830018
22,11,0.0,0,-0.01068002108616544,17.701124600434234,0.6396087264372865,11,1.4849413368830018
22,4,-0.014372213480770423,0,1.0,15.247726161885794,0.822415587054704,4,1.3867039147182254
22,13,0.006457809356879019,0,-1.0,17.753633025857127,0.8321023858564373,13,1.2860996775374798
22,12,0.0,0,-1.0,12.526211650243527,0.2579961680495977,12,1.3279725911674614
22,3,0.03487484275374707,0,-1.0,17.077088682041964,0.10755171881506065,3,1.2078549751834105
22,10,0.0,0,0.9383010016190201,12.792861297622359,0.7812544506768658,10,1.3407332259121687
22,5,0.0,0,-1.0,15.947899599139745,0.9714382635894356,5,1.227097628801308
22,6,0.0,0,1.0,16.68920318860704,0.4674097240070848,6,1.4056032903447908
22,1,-0.012784542083350392,0,1.0,20.562713365625164,0.874290800029777,1,1.2189207767276822
22,9,-0.004705479666370267,0,1.0,16.235567550850554,0.7941583337916458,9,1.2096367027190804
22,0,0.0,0,-1.0,12.344532556031385,0.9468719698955113,0,1.4334639014083939
22,2,0.000620537692118062,0,-0.14293172647703248,16.425242322245282,0.36503880690587387,2,1.2308295490457926
22,7,0.0,0,1.0,14.378224292212291,0.18624018600278902,7,1.4703226772080227
22,8,0.0,0,-1.0,18.40036991723484,0.6653989740286537,8,1.0036575245021697
23,0,0.0,0,-1.0,12.844532556031385,0.9468719698955113,0,1.4334639014083939
23,8,0.8808947874449757,0,-1.0,18.90036991723484,0.6653989740286537,8,1.0036575245021697
23,9,-2.267566433773407,0,1.0,16.735567550850554,0.7941583337916458,9,1.2096367027190804
23,3,1.0,0,-1.0,17.577088682041964,0.10755171881506065,3,1.2078549751834105
23,10,-3.631908729869809,0,0.9383010016190201,13.292861297622359,0.7812544506768658,10,1.3407332259121687
23,2,0.0,0,-0.14293172647703248,16.925242322245282,0.36503880690587387,2,1.2308295490457926
23,4,0.0,0,1.0,15.747726161885794,0.822415587054704,4,1.3867039147182254
23,11,0.0,0,-0.01068002108616544,18.201124600434234,0.6396087264372865,11,1.4849413368830018
23,5,1.0,0,-1.0,16.447899599139745,0.9714382635894356,5,1.227097628801308
23,12,1.0,0,-1.0,13.026211650243527,0.2579961680495977,12,1.3279725911674614
23,7,-1.0829611086453415,0,1.0,14.878224292212291,0.18624018600278902,7,1.4703226772080227
23,13,0.5935480145936075,0,-1.0,18.253633025857127,0.8321023858564373,13,1.2860996775374798
23,1,-1.8828964607124405,0,1.0,21.062713365625164,0.874290800029777,1,1.2189207767276822
23,6,-2.0889151384221276,0,1.0,17.18920318860704,0.4674097240070848,6,1.4056032903447908
24,13,0.0,0,-1.0,18.753633025857127,0.8321023858564373,13,1.2860996775374798
24,6,0.0,0,1.0,17.68920318860704,0.4674097240070848,6,1.4056032903447908
24,1,-1.0648115949536856,0,1.0,21.562713365625164,0.874290800029777,1,1.2189207767276822
24,0,0.5447681061539373,0,-1.0,13.344532556031385,0.9468719698955113,0,1.4334639014083939
24,4,-0.6713036672718217,0,1.0,16.247726161885794,0.822415587054704,4,1.3867039147182254
24,5,0.0,0,-1.0,16.947899599139745,0.9714382635894356,5,1.227097628801308
24,11,0.019001008832773218,0,-0.01068002108616544,18.701124600434234,0.6396087264372865,11,1.4849413368830018
24,2,0.0,0,-0.14293172647703248,17.425242322245282,0.36503880690587387,2,1.2308295490457926
24,8,0.0,0,-1.0,19.40036991723484,0.6653989740286537,8,1.0036575245021697
24,7,-2.5152786312365825,0,1.0,15.378224292212291,0.18624018600278902,7,1.4703226772080227
24,3,1.0,0,-1.0,18.077088682041964,0.10755171881506065,3,1.2078549751834105
24,12,1.0,0,-1.0,13.526211650243525,0.2579961680495977,12,1.3279725911674614
24,10,0.0,0,0.9383010016190201,13.792861297622359,0.7812544506768658,10,1.3407332259121687
24,9,0.0,0,1.0,17.235567550850554,0.7941583337916458,9,1.2096367027190804
25,3,0.0,0,-1.0,18.577088682041964,0.10755171881506065,3,1.2078549751834105
25,1,0.0,0,1.0,22.062713365625164,0.874290800029777,1,1.2189207767276822
25,9,0.0,0,1.0,17.735567550850554,0.7941583337916458,9,1.2096367027190804
25,13,-0.24576375027688335,0,-1.0,19.253633025857127,0.8321023858564373,13,1.2860996775374798
25,11,0.004076224332071502,0,-0.01068002108616544,19.201124600434234,0.6396087264372865,11,1.4849413368830018
25,5,1.0,0,-1.0,17.447899599139745,0.9714382635894356,5,1.227097628801308
25,2,0.9570048828129583,0,-0.14293172647703248,17.925242322245282,0.36503880690587387,2,1.2308295490457926
25,7,0.0,0,1.0,15.878224292212291,0.18624018600278902,7,1.4703226772080227
25,12,0.0,0,-1.0,14.026211650243525,0.2579961680495977,12,1.3279725911674614
25,8,-0.792560931879553,0,-1.0,19.90036991723484,0.6653989740286537,8,1.0036575245021697
25,10,-0.9821386012675927,0,0.9383010016190201,14.292861297622359,0.7812544506768658,10,1.3407332259121687
25,0,-3.393919007234504,0,-1.0,13.844532556031385,0.9468719698955113,0,1.4334639014083939
25,4,0.02932986921392544,0,1.0,16.747726161885794,0.822415587054704,4,1.3867039147182254
25,6,0.0,0,1.0,18.18920318860704,0.4674097240070848,6,1.4056032903447908
26,9,0.0,0,1.0,18.235567550850554,0.7941583337916458,9,1.2096367027190804
26,10,0.0,0,0.9383010016190201,14.792861297622359,0.7812544506768658,10,1.3407332259121687
26,4,0.0,0,1.0,17.247726161885794,0.822415587054704,4,1.3867039147182254
26,1,1.0,0,1.0,22.562713365625164,0.874290800029777,1,1.2189207767276822
26,8,-1.0412287605898036,0,-1.0,20.40036991723484,0.6653989740286537,8,1.0036575245021697
26,12,-8.328218161963765,0,-1.0,14.526211650243525,0.2579961680495977,12,1.3279725911674614
26,11,0.0,0,-0.01068002108616544,19.701124600434234,0.6396087264372865,11,1.4849413368830018
26,5,0.0,0,-1.0,17.947899599139745,0.9714382635894356,5,1.227097628801308
26,0,0.0,0,-1.0,14.344532556031385,0.9468719698955113,0,1.4334639014083939
26,6,0.0,0,1.0,18.68920318860704,0.4674097240070848,6,1.4056032903447908
26,2,-0.6477838083434444,0,-0.14293172647703248,18.425242322245282,0.36503880690587387,2,1.2308295490457926
26,3,0.0,0,-1.0,19.077088682041964,0.10755171881506065,3,1.2078549751834105
26,13,0.0,0,-1.0,19.753633025857127,0.8321023858564373,13,1.2860996775374798
26,7,0.0,0,1.0,16.37822429221229,0.18624018600278902,7,1.4703226772080227
27,2,0.0,0,-0.14293172647703248,18.925242322245282,0.36503880690587387,2,1.2308295490457926
27,11,0.000682750863177214,0,-0.01068002108616544,20.201124600434234,0.6396087264372865,11,1.4849413368830018
27,10,-0.14215712590663962,0,0.9383010016190201,15.292861297622359,0.7812544506768658,10,1.3407332259121687
27,13,0.0850243093114252,0,-1.0,20.253633025857127,0.8321023858564373,13,1.2860996775374798
27,0,0.0,0,-1.0,14.844532556031385,0.9468719698955113,0,1.4334639014083939
27,3,0.3533969983802526,0,-1.0,19.577088682041964,0.10755171881506065,3,1.2078549751834105
27,6,-0.1593005951685172,0,1.0,19.18920318860704,0.4674097240070848,6,1.4056032903447908
27,9,-0.019676247257108963,0,1.0,18.735567550850554,0.7941583337916458,9,1.2096367027190804
27,7,-1.5084461150269486,0,1.0,16.87822429221229,0.18624018600278902,7,1.4703226772080227
27,4,-0.0809872834001817,0,1.0,17.747726161885794,0.822415587054704,4,1.3867039147182254
27,1,-0.28352964012151005,0,1.0,23.062713365625164,0.874290800029777,1,1.2189207767276822
27,12,0.0,0,-1.0,15.026211650243525,0.2579961680495977,12,1.3279725911674614
27,8,0.15890759363054938,0,-1.0,20.90036991723484,0.6653989740286537,8,1.0036575245021697
27,5,0.5432004106008561,0,-1.0,18.447899599139745,0.9714382635894356,5,1.227097628801308
28,3,0.0,0,-1.0,20.077088682041964,0.10755171881506065,3,1.2078549751834105
28,7,0.0,0,1.0,17.37822429221229,0.18624018600278902,7,1.4703226772080227
28,2,0.2425839714904629,0,-0.14293172647703248,19.425242322245282,0.36503880690587387,2,1.2308295490457926
28,10,0.8452628298425977,0,0.9383010016190201,15.792861297622359,0.7812544506768658,10,1.3407332259121687
28,4,-1.2408056001700838,0,1.0,18.247726161885794,0.822415587054704,4,1.3867039147182254
28,1,0.0,0,1.0,23.562713365625164,0.874290800029777,1,1.2189207767276822
28,12,1.0,0,-1.0,15.526211650243525,0.2579961680495977,12,1.3279725911674614
28,6,0.0,0,1.0,19.68920318860704,0.4674097240070848,6,1.4056032903447908
28,9,0.0,0,1.0,19.235567550850554,0.7941583337916458,9,1.2096367027190804
28,11,0.002722518414009549,0,-0.018960964482013502,20.701124600434234,0.6396087264372865,11,1.4849413368830018
28,8,0.4728291686878003,0,-1.0,21.40036991723484,0.6653989740286537,8,1.0036575245021697
28,0,1.0,0,-1.0,15.344532556031385,0.9468719698955113,0,1.4334639014083939
28,13,-1.4146622056374987,0,-1.0,20.753633025857127,0.8321023858564373,13,1.2860996775374798
28,5,1.0,0,-1.0,18.947899599139745,0.9714382635894356,5,1.227097628801308
29,7,0.0,0,1.0,17.87822429221229,0.18624018600278902,7,1.4703226772080227
29,6,1.0,0,1.0,20.18920318860704,0.4674097240070848,6,1.4056032903447908
29,3,-3.1381631118528963,0,-1.0,20.577088682041964,0.10755171881506065,3,1.2078549751834105
29,5,-7.325679950888233,0,-1.0,19.447899599139745,0.9714382635894356,5,1.227097628801308
29,8,0.0,0,-1.0,21.90036991723484,0.6653989740286537,8,1.0036575245021697
29,4,0.0,0,1.0,18.747726161885794,0.822415587054704,4,1.3867039147182254
29,0,0.0,0,-1.0,15.844532556031385,0.9468719698955113,0,1.4334639014083939
29,10,0.0,0,0.9383010016190201,16.29286129762236,0.7812544506768658,10,1.3407332259121687
29,11,-0.038865855367326604,0,-0.03569902383590352,21.201124600434234,0.6396087264372865,11,1.4849413368830018
29,13,-2.257190322353924,0,-1.0,21.253633025857127,0.8321023858564373,13,1.2860996775374798
29,1,1.0,0,1.0,24.062713365625164,0.874290800029777,1,1.2189207767276822
29,9,1.0,0,1.0,19.735567550850554,0.7941583337916458,9,1.2096367027190804
29,2,0.25161135172055477,0,-0.14293172647703248,19.925242322245282,0.36503880690587387,2,1.2308295490457926
29,12,0.0,0,-1.0,16.026211650243525,0.2579961680495977,12,1.3279725911674614
30,4,0.0,0,1.0,19.247726161885794,0.822415587054704,4,1.3867039147182254
30,2,-0.2341963611941771,0,-0.14293172647703248,20.425242322245282,0.36503880690587387,2,1.2308295490457926
30,7,0.0,0,1.0,18.37822429221229,0.18624018600278902,7,1.4703226772080227
30,0,0.0,0,-1.0,16.344532556031385,0.9468719698955113,0,1.4334639014083939
30,13,-2.9063099004987523,0,-1.0,21.753633025857127,0.8321023858564373,13,1.2860996775374798
30,6,0.5027944171944815,0,1.0,20.68920318860704,0.4674097240070848,6,1.4056032903447908
30,3,-0.6960609208165516,0,-1.0,21.077088682041964,0.10755171881506065,3,1.2078549751834105
30,5,0.2745640694332027,0,-1.0,19.947899599139745,0.9714382635894356,5,1.227097628801308
30,1,1.0,0,1.0,24.562713365625164,0.874290800029777,1,1.2189207767276822
30,9,0.0,0,1.0,20.235567550850554,0.7941583337916458,9,1.2096367027190804
30,11,-0.0671105929920031,0,-0.03569902383590352,21.701124600434234,0.6396087264372865,11,1.4849413368830018
30,10,0.9628304649804947,0,0.9383010016190201,16.79286129762236,0.7812544506768658,10,1.3407332259121687
30,12,-3.3218471410680834,0,-1.0,16.526211650243525,0.2579961680495977,12,1.3279725911674614
30,8,-0.37605389533171996,0,-1.0,22.40036991723484,0.6653989740286537,8,1.0036575245021697
31,4,0.0,0,1.0,19.747726161885794,0.822415587054704,4,1.3867039147182254
31,13,-0.9849925444797535,0,-1.0,22.253633025857127,0.8321023858564373,13,1.2860996775374798
31,2,-0.4764733496529171,0,-0.14293172647703248,20.925242322245282,0.36503880690587387,2,1.2308295490457926
31,11,0.0,0,-0.03569902383590352,22.201124600434234,0.6396087264372865,11,1.4849413368830018
31,3,1.0,0,-1.0,21.577088682041964,0.10755171881506065,3,1.2078549751834105
31,0,0.0,0,-1.0,16.844532556031385,0.9468719698955113,0,1.4334639014083939
31,8,-0.6895044947835671,0,-1.0,22.90036991723484,0.6653989740286537,8,1.0036575245021697
31,10,-1.3737039428831157,0,0.9383010016190201,17.29286129762236,0.7812544506768658,10,1.3407332259121687
31,6,0.6189825920086194,0,1.0,21.18920318860704,0.4674097240070848,6,1.4056032903447908
31,5,-2.2644746138834404,0,-1.0,20.447899599139745,0.9714382635894356,5,1.227097628801308
31,9,0.0,0,1.0,20.735567550850554,0.7941583337916458,9,1.2096367027190804
31,12,-1.2712674307427547,0,-1.0,17.026211650243525,0.2579961680495977,12,1.3279725911674614
31,7,0.0,0,1.0,18.87822429221229,0.18624018600278902,7,1.4703226772080227
31,1,0.4929322411242579,0,1.0,25.062713365625164,0.874290800029777,1,1.2189207767276822
32,0,0.0,0,-1.0,17.344532556031385,0.9468719698955113,0,1.4334639014083939
32,9,-1.6655259337542725,0,1.0,21.235567550850554,0.7941583337916458,9,1.2096367027190804
32,6,0.0,0,1.0,21.68920318860704,0.4674097240070848,6,1.4056032903447908
32,12,-6.404253341938042,0,-1.0,17.526211650243525,0.2579961680495977,12,1.3279725911674614
32,11,0.1810532486393148,0,-0.03569902383590352,22.701124600434234,0.6396087264372865,11,1.4849413368830018
32,10,-1.487655801690314,0,0.9383010016190201,17.79286129762236,0.7812544506768658,10,1.3407332259121687
32,3,1.0,0,-1.0,22.077088682041964,0.10755171881506065,3,1.2078549751834105
32,7,1.0,0,1.0,19.37822429221229,0.18624018600278902,7,1.4703226772080227
32,8,0.7431640839270076,0,-1.0,23.40036991723484,0.6653989740286537,8,1.0036575245021697
32,2,0.0,0,-0.14293172647703248,21.425242322245282,0.36503880690587387,2,1.2308295490457926
32,5,-1.6672953254914176,0,-1.0,20.947899599139745,0.9714382635894356,5,1.227097628801308
32,13,1.0,0,-1.0,22.753633025857127,0.8321023858564373,13,1.2860996775374798
32,1,-1.4617108059176755,0,1.0,25.562713365625164,0.874290800029777,1,1.2189207767276822
32,4,0.0,0,1.0,20.247726161885794,0.822415587054704,4,1.3867039147182254
33,0,0.0,0,-1.0,17.844532556031385,0.9468719698955113,0,1.4334639014083939
33,3,1.0,0,-1.0,22.577088682041964,0.10755171881506065,3,1.2078549751834105
33,6,-2.3348744782385853,0,1.0,22.18920318860704,0.4674097240070848,6,1.4056032903447908
33,8,1.0,0,-1.0,23.90036991723484,0.6653989740286537,8,1.0036575245021697
33,2,0.0,0,-0.14293172647703248,21.925242322245282,0.36503880690587387,2,1.2308295490457926
33,4,0.0,0,1.0,20.747726161885794,0.822415587054704,4,1.3867039147182254
33,11,0.06304569769509266,0,-0.03569902383590352,23.201124600434234,0.6396087264372865,11,1.4849413368830018
33,5,1.0,0,-1.0,21.447899599139745,0.9714382635894356,5,1.227097628801308
33,1,-1.558538280399055,0,1.0,26.062713365625164,0.874290800029777,1,1.2189207767276822
33,13,0.71562836352178,0,-1.0,23.253633025857127,0.8321023858564373,13,1.2860996775374798
33,12,1.0,0,-1.0,18.026211650243525,0.2579961680495977,12,1.3279725911674614
33,10,0.0,0,0.9383010016190201,18.29286129762236,0.7812544506768658,10,1.3407332259121687
33,7,-2.975238888203708,0,1.0,19.87822429221229,0.18624018600278902,7,1.4703226772080227
33,9,-2.9439630537382393,0,1.0,21.735567550850554,0.7941583337916458,9,1.2096367027190804
34,9,0.0,0,1.0,22.235567550850554,0.7941583337916458,9,1.2096367027190804
34,7,0.0,0,1.0,20.37822429221229,0.18624018600278902,7,1.4703226772080227
34,5,-2.3837647482050994,0,-1.0,21.947899599139745,0.9714382635894356,5,1.227097628801308
34,13,0.0,0,-1.0,23.753633025857127,0.8321023858564373,13,1.2860996775374798
34,11,-0.18884578165700078,0,-0.03569902383590352,23.701124600434234,0.6396087264372865,11,1.4849413368830018
34,0,-1.533856372995402,0,-1.0,18.344532556031385,0.9468719698955113,0,1.4334639014083939
34,3,0.0,0,-1.0,23.077088682041964,0.10755171881506065,3,1.2078549751834105
34,10,0.0,0,0.9383010016190201,18.79286129762236,0.7812544506768658,10,1.3407332259121687
34,4,0.0,0,1.0,21.247726161885794,0.822415587054704,4,1.3867039147182254
34,1,1.0,0,1.0,26.562713365625164,0.874290800029777,1,1.2189207767276822
34,2,-0.9659399194896359,0,-0.14293172647703248,22.425242322245282,0.36503880690587387,2,1.2308295490457926
34,12,-7.293499207788322,0,-1.0,18.526211650243525,0.2579961680495977,12,1.3279725911674614
34,6,0.0,0,1.0,22.68920318860704,0.4674097240070848,6,1.4056032903447908
34,8,0.0,0,-1.0,24.40036991723484,0.6653989740286537,8,1.0036575245021697
35,9,0.0,0,1.0,22.735567550850554,0.7941583337916458,9,1.2096367027190804
35,2,-0.34071561097604347,0,-0.14293172647703248,22.925242322245282,0.36503880690587387,2,1.2308295490457926
35,10,0.0,0,0.9383010016190201,19.29286129762236,0.7812544506768658,10,1.3407332259121687
35,8,0.1155391854204184,0,-1.0,24.90036991723484,0.6653989740286537,8,1.0036575245021697
35,13,0.0,0,-1.0,24.253633025857127,0.8321023858564373,13,1.2860996775374798
35,5,-5.2899424512295266,0,-1.0,22.447899599139745,0.9714382635894356,5,1.227097628801308
35,11,-0.20004496223487586,0,-0.03569902383590352,24.201124600434234,0.6396087264372865,11,1.4849413368830018
35,3,0.0,0,-1.0,23.577088682041964,0.10755171881506065,3,1.2078549751834105
35,1,1.0,0,1.0,27.062713365625164,0.874290800029777,1,1.2189207767276822
35,6,0.0,0,1.0,23.18920318860704,0.4674097240070848,6,1.4056032903447908
35,4,0.0,0,1.0,21.747726161885794,0.822415587054704,4,1.3867039147182254
35,7,1.0,0,1.0,20.87822429221229,0.18624018600278902,7,1.4703226772080227
35,12,-4.013600140013936,0,-1.0,19.026211650243525,0.2579961680495977,12,1.3279725911674614
35,0,-5.457739838849731,0,-1.0,18.844532556031385,0.9468719698955113,0,1.4334639014083939
36,2,0.0,0,-0.14293172647703248,23.425242322245282,0.36503880690587387,2,1.2308295490457926
36,10,-0.18885360020311465,0,0.9383010016190201,19.79286129762236,0.7812544506768658,10,1.3407332259121687
36,11,0.02333827609555063,0,-0.03569902383590352,24.701124600434234,0.6396087264372865,11,1.4849413368830018
36,13,-0.6217193713148311,0,-1.0,24.753633025857127,0.8321023858564373,13,1.2860996775374798
36,5,0.06392785722695134,0,-1.0,22.947899599139745,0.9714382635894356,5,1.227097628801308
36,9,1.0,0,1.0,23.235567550850554,0.7941583337916458,9,1.2096367027190804
36,1,-0.19225902111043464,0,1.0,27.562713365625164,0.874290800029777,1,1.2189207767276822
36,0,0.0,0,-1.0,19.344532556031385,0.9468719698955113,0,1.4334639014083939
36,4,-0.10440522720569508,0,1.0,22.247726161885794,0.822415587054704,4,1.3867039147182254
36,6,-0.2044537899246233,0,1.0,23.68920318860704,0.4674097240070848,6,1.4056032903447908
36,3,0.9554623177290601,0,-1.0,24.077088682041964,0.10755171881506065,3,1.2078549751834105
36,7,1.0,0,1.0,21.37822429221229,0.18624018600278902,7,1.4703226772080227
36,12,0.0,0,-1.0,19.526211650243525,0.2579961680495977,12,1.3279725911674614
36,8,0.13123315563295607,0,-1.0,25.40036991723484,0.6653989740286537,8,1.0036575245021697
37,1,0.0,0,1.0,28.062713365625164,0.874290800029777,1,1.2189207767276822
37,5,-2.4517833935444795,0,-1.0,23.447899599139745,0.9714382635894356,5,1.227097628801308
37,2,0.005774373670096922,0,-0.14293172647703248,23.925242322245282,0.36503880690587387,2,1.2308295490457926
37,9,0.43642676530445024,0,1.0,23.735567550850554,0.7941583337916458,9,1.2096367027190804
37,7,1.0,0,1.0,21.87822429221229,0.18624018600278902,7,1.4703226772080227
37,4,1.0,0,1.0,22.747726161885794,0.822415587054704,4,1.3867039147182254
37,10,0.0,0,0.9383010016190201,20.29286129762236,0.7812544506768658,10,1.3407332259121687
37,11,0.0,0,-0.05887105566860932,25.201124600434234,0.6396087264372865,11,1.4849413368830018
37,6,1.0,0,1.0,24.18920318860704,0.4674097240070848,6,1.4056032903447908
37,8,-2.930099489639704,0,-1.0,25.90036991723484,0.6653989740286537,8,1.0036575245021697
37,0,0.8416044182410753,0,-1.0,19.844532556031385,0.9468719698955113,0,1.4334639014083939
37,13,-0.49232549112116336,0,-1.0,25.253633025857127,0.8321023858564373,13,1.2860996775374798
37,3,-2.840392212844009,0,-1.0,24.577088682041964,0.10755171881506065,3,1.2078549751834105
37,12,-0.1653518333477999,0,-1.0,20.026211650243525,0.2579961680495977,12,1.3279725911674614
38,11,0.0,0,-0.05887105566860932,25.701124600434234,0.6396087264372865,11,1.4849413368830018
38,9,0.0,0,1.0,24.235567550850554,0.7941583337916458,9,1.2096367027190804
38,8,0.04207292390713323,0,-1.0,26.40036991723484,0.6653989740286537,8,1.0036575245021697
38,13,0.023795106827915937,0,-1.0,25.753633025857127,0.8321023858564373,13,1.2860996775374798
38,10,0.0,0,0.9383010016190201,20.79286129762236,0.7812544506768658,10,1.3407332259121687
38,4,-0.003987298070701297,0,1.0,23.247726161885794,0.822415587054704,4,1.3867039147182254
38,1,-1.2102902823219552,0,1.0,28.562713365625164,0.874290800029777,1,1.2189207767276822
38,2,0.0,0,-0.27339670860369175,24.425242322245282,0.36503880690587387,2,1.2308295490457926
38,5,0.0,0,-1.0,23.947899599139745,0.9714382635894356,5,1.227097628801308
38,12,0.010350043989438264,0,-1.0,20.526211650243525,0.2579961680495977,12,1.3279725911674614
38,7,1.0,0,1.0,22.37822429221229,0.18624018600278902,7,1.4703226772080227
38,0,0.0,0,-1.0,20.344532556031385,0.9468719698955113,0,1.4334639014083939
38,6,-0.00904359125210856,0,1.0,24.68920318860704,0.4674097240070848,6,1.4056032903447908
38,3,-3.3054269013169923,0,-1.0,25.077088682041964,0.10755171881506065,3,1.2078549751834105
39,13,0.0,0,-1.0,26.253633025857127,0.8321023858564373,13,1.2860996775374798
39,4,-0.9093238454544804,0,1.0,23.747726161885794,0.822415587054704,4,1.3867039147182254
39,5,0.0,0,-1.0,24.447899599139745,0.9714382635894356,5,1.227097628801308
39,8,0.0,0,-1.0,26.90036991723484,0.6653989740286537,8,1.0036575245021697
39,9,0.0,0,1.0,24.735567550850554,0.7941583337916458,9,1.2096367027190804
39,6,-0.9720946124843318,0,1.0,25.18920318860704,0.4674097240070848,6,1.4056032903447908
39,11,0.025824277076587687,0,-0.05887105566860932,26.201124600434234,0.6396087264372865,11,1.4849413368830018
39,3,0.0,0,-1.0,25.577088682041964,0.10755171881506065,3,1.2078549751834105
39,12,1.0,0,-1.0,21.026211650243525,0.2579961680495977,12,1.3279725911674614
39,10,0.0,0,0.9383010016190201,21.29286129762236,0.7812544506768658,10,1.3407332259121687
39,7,1.0,0,1.0,22.87822429221229,0.18624018600278902,7,1.4703226772080227
39,1,-1.2961161727103485,0,1.0,29.062713365625164,0.874290800029777,1,1.2189207767276822
39,0,1.0,0,-1.0,20.844532556031385,0.9468719698955113,0,1.4334639014083939
39,2,0.4844532875993064,0,-0.5038690111578008,24.925242322245282,0.36503880690587387,2,1.2308295490457926
40,5,0.0,0,-1.0,24.947899599139745,0.9714382635894356,5,1.227097628801308
40,7,-3.999545268252937,0,1.0,23.37822429221229,0.18624018600278902,7,1.4703226772080227
40,3,1.0,0,-1.0,26.077088682041964,0.10755171881506065,3,1.2078549751834105
40,9,0.3231453369672055,0,1.0,25.235567550850554,0.7941583337916458,9,1.2096367027190804
40,2,1.0,0,-0.5038690111578008,25.425242322245282,0.36503880690587387,2,1.2308295490457926
40,8,1.0,0,-1.0,27.40036991723484,0.6653989740286537,8,1.0036575245021697
40,0,1.0,0,-1.0,21.344532556031385,0.9468719698955113,0,1.4334639014083939
40,11,0.0,0,-0.05887105566860932,26.701124600434234,0.6396087264372865,11,1.4849413368830018
40,6,-1.8641810691936793,0,1.0,25.68920318860704,0.4674097240070848,6,1.4056032903447908
40,10,1.0,0,1.0,21.79286129762236,0.7812544506768658,10,1.3407332259121687
40,13,0.0,0,-1.0,26.753633025857127,0.8321023858564373,13,1.2860996775374798
40,12,1.0,0,-1.0,21.526211650243525,0.2579961680495977,12,1.3279725911674614
40,1,-2.5487091098142525,0,1.0,29.562713365625164,0.874290800029777,1,1.2189207767276822
40,4,1.0,0,1.0,24.247726161885794,0.822415587054704,4,1.3867039147182254
41,1,0.0,0,1.0,30.062713365625164,0.874290800029777,1,1.2189207767276822
41,10,0.0,0,1.0,22.29286129762236,0.7812544506768658,10,1.3407332259121687
41,9,1.0,0,1.0,25.735567550850554,0.7941583337916458,9,1.2096367027190804
41,3,-3.728109392810348,0,-1.0,26.577088682041964,0.10755171881506065,3,1.2078549751834105
41,13,-4.379552573804336,0,-1.0,27.253633025857127,0.8321023858564373,13,1.2860996775374798
41,4,1.0,0,1.0,24.747726161885794,0.822415587054704,4,1.3867039147182254
41,7,1.0,0,1.0,23.87822429221229,0.18624018600278902,7,1.4703226772080227
41,5,0.0,0,-1.0,25.447899599139745,0.9714382635894356,5,1.227097628801308
41,12,-2.9403620172949716,0,-1.0,22.026211650243525,0.2579961680495977,12,1.3279725911674614
41,0,-3.7645767490151427,0,-1.0,21.844532556031385,0.9468719698955113,0,1.4334639014083939
41,6,1.0,0,1.0,26.18920318860704,0.4674097240070848,6,1.4056032903447908
41,8,-1.0627768300987268,0,-1.0,27.90036991723484,0.6653989740286537,8,1.0036575245021697
41,2,-6.059527066228878,0,-0.5038690111578008,25.925242322245282,0.36503880690587387,2,1.2308295490457926
41,11,-0.1157226407170992,0,-0.09865495879033806,27.201124600434234,0.6396087264372865,11,1.4849413368830018
42,5,0.0,0,-1.0,25.947899599139745,0.9714382635894356,5,1.227097628801308
42,2,1.0,0,-0.5038690111578008,26.425242322245282,0.36503880690587387,2,1.2308295490457926
42,11,0.0,0,-0.09865495879033806,27.701124600434234,0.6396087264372865,11,1.4849413368830018
42,4,-0.8617832912136284,0,1.0,25.247726161885794,0.822415587054704,4,1.3867039147182254
42,7,0.15273432382455976,0,1.0,24.37822429221229,0.18624018600278902,7,1.4703226772080227
42,10,-2.8340249827189385,0,1.0,22.79286129762236,0.7812544506768658,10,1.3407332259121687
42,1,0.0,0,1.0,30.562713365625164,0.874290800029777,1,1.2189207767276822
42,3,0.7987983994529503,0,-1.0,27.077088682041964,0.10755171881506065,3,1.2078549751834105
42,8,1.0,0,-1.0,28.40036991723484,0.6653989740286537,8,1.0036575245021697
42,12,1.0,0,-1.0,22.526211650243525,0.2579961680495977,12,1.3279725911674614
42,0,1.0,0,-1.0,22.344532556031385,0.9468719698955113,0,1.4334639014083939
42,6,-2.0991664271379245,0,1.0,26.68920318860704,0.4674097240070848,6,1.4056032903447908
42,9,-2.3291330629746,0,1.0,26.235567550850554,0.7941583337916458,9,1.2096367027190804
42,13,0.0,0,-1.0,27.753633025857127,0.8321023858564373,13,1.2860996775374798
43,11,0.0,0,-0.09865495879033806,28.201124600434234,0.6396087264372865,11,1.4849413368830018
43,5,0.0,0,-1.0,26.447899599139745,0.9714382635894356,5,1.227097628801308
43,9,-3.267314303205311,0,1.0,26.735567550850554,0.7941583337916458,9,1.2096367027190804
43,3,-17.65806655996948,0,-1.0,27.577088682041964,0.10755171881506065,3,1.2078549751834105
43,12,0.040603233071928375,0,-1.0,23.026211650243525,0.2579961680495977,12,1.3279725911674614
43,4,-0.03483430765010142,0,1.0,25.747726161885794,0.822415587054704,4,1.3867039147182254
43,8,1.0,0,-1.0,28.90036991723484,0.6653989740286537,8,1.0036575245021697
43,13,0.0,0,-1.0,28.253633025857127,0.8321023858564373,13,1.2860996775374798
43,7,-0.13912981074097983,0,1.0,24.87822429221229,0.18624018600278902,7,1.4703226772080227
43,6,-1.9306163527561884,0,1.0,27.18920318860704,0.4674097240070848,6,1.4056032903447908
43,0,0.0031915688790383075,0,-1.0,22.844532556031385,0.9468719698955113,0,1.4334639014083939
43,1,-0.07497637409801255,0,1.0,31.062713365625164,0.874290800029777,1,1.2189207767276822
43,2,1.0,0,-0.5038690111578008,26.925242322245282,0.36503880690587387,2,1.2308295490457926
43,10,0.0,0,1.0,23.29286129762236,0.7812544506768658,10,1.3407332259121687
44,11,0.0,0,-0.09865495879033806,28.701124600434234,0.6396087264372865,11,1.4849413368830018
44,9,-0.0837370615269185,0,1.0,27.235567550850554,0.7941583337916458,9,1.2096367027190804
44,2,0.004675782738448291,0,-0.5038690111578008,27.425242322245282,0.36503880690587387,2,1.2308295490457926
44,8,0.01999630511021409,0,-1.0,29.40036991723484,0.6653989740286537,8,1.0036575245021697
44,0,0.0031915688790383075,0,-1.0,23.344532556031385,0.9468719698955113,0,1.4334639014083939
44,4,-0.004349882374332748,0,1.0,26.247726161885794,0.822415587054704,4,1.3867039147182254
44,7,1.0,0,1.0,25.37822429221229,0.18624018600278902,7,1.4703226772080227
44,5,0.0,0,-1.0,26.947899599139745,0.9714382635894356,5,1.227097628801308
44,12,0.029248764616364775,0,-1.0,23.526211650243525,0.2579961680495977,12,1.3279725911674614
44,13,0.020452551788272603,0,-1.0,28.753633025857127,0.8321023858564373,13,1.2860996775374798
44,1,1.0,0,1.0,31.562713365625164,0.874290800029777,1,1.2189207767276822
44,3,-20.213891258567763,0,-1.0,28.077088682041964,0.10755171881506065,3,1.2078549751834105
44,6,-0.010025286772652136,0,1.0,27.68920318860704,0.4674097240070848,6,1.4056032903447908
44,10,0.0,0,1.0,23.79286129762236,0.7812544506768658,10,1.3407332259121687
45,2,0.0,0,-0.5038690111578008,27.925242322245282,0.36503880690587387,2,1.2308295490457926
45,3,0.7987983994529503,0,-1.0,28.577088682041964,0.10755171881506065,3,1.2078549751834105
45,0,0.48059265331538376,0,-1.0,23.844532556031385,0.9468719698955113,0,1.4334639014083939
45,11,0.04797822413728359,0,-0.09865495879033806,29.201124600434234,0.6396087264372865,11,1.4849413368830018
45,7,-5.9092990359881785,0,1.0,25.87822429221229,0.18624018600278902,7,1.4703226772080227
45,13,0.13807512367576902,0,-1.0,29.253633025857127,0.8321023858564373,13,1.2860996775374798
45,12,0.0,0,-1.0,24.026211650243525,0.2579961680495977,12,1.3279725911674614
45,10,-4.461076183887932,0,1.0,24.29286129762236,0.7812544506768658,10,1.3407332259121687
45,5,0.6809036475932116,0,-1.0,27.447899599139745,0.9714382635894356,5,1.227097628801308
45,6,-0.17642316003384173,0,1.0,28.18920318860704,0.4674097240070848,6,1.4056032903447908
45,8,0.42713518743010226,0,-1.0,29.90036991723484,0.6653989740286537,8,1.0036575245021697
45,1,-5.833934570478618,0,1.0,32.062713365625164,0.874290800029777,1,1.2189207767276822
45,4,-0.4068441853208521,0,1.0,26.747726161885794,0.822415587054704,4,1.3867039147182254
45,9,-2.9586005319549766,0,1.0,27.735567550850554,0.7941583337916458,9,1.2096367027190804
46,0,0.0,0,-1.0,24.344532556031385,0.9468719698955113,0,1.4334639014083939
46,3,1.0,0,-1.0,29.077088682041964,0.10755171881506065,3,1.2078549751834105
46,2,1.0,0,-0.5038690111578008,28.425242322245282,0.36503880690587387,2,1.2308295490457926
46,9,-4.563493015579159,0,1.0,28.235567550850554,0.7941583337916458,9,1.2096367027190804
46,10,-1.516308054032007,0,1.0,24.79286129762236,0.7812544506768658,10,1.3407332259121687
46,6,-3.1613298888552324,0,1.0,28.68920318860704,0.4674097240070848,6,1.4056032903447908
46,5,1.0,0,-1.0,27.947899599139745,0.9714382635894356,5,1.227097628801308
46,11,0.0,0,-0.09865495879033806,29.701124600434234,0.6396087264372865,11,1.4849413368830018
46,12,1.0,0,-1.0,24.526211650243525,0.2579961680495977,12,1.3279725911674614
46,13,0.7009089479632936,0,-1.0,29.753633025857127,0.8321023858564373,13,1.2860996775374798
46,1,-4.853612810102743,0,1.0,32.562713365625164,0.874290800029777,1,1.2189207767276822
46,8,1.0,0,-1.0,30.40036991723484,0.6653989740286537,8,1.0036575245021697
46,7,-6.552252614139684,0,1.0,26.37822429221229,0.18624018600278902,7,1.4703226772080227
46,4,0.0,0,1.0,27.247726161885794,0.822415587054704,4,1.3867039147182254
